{"css": "base1.css", "legend": "Player Details", "HTML_fields": [{"tag": "input", "type": "url", "class": "form-control", "label": "Google form link", "id": "form_link", "name": "form_link", "required": "true", "placeholder": "Enter Url here", "maxlength": "200"}, {"tag": "input", "type": "text", "class": "form-control", "label": "Text Field 1", "id": "text_field_1", "name": "text_field_1", "maxlength": "100", "required": "true", "placeholder": "Enter details"}, {"tag": "input", "type": "text", "class": "form-control", "label": "Text Field 2", "id": "text_field_2", "name": "text_field_2", "maxlength": "100", "required": "true", "placeholder": "Enter details"}, {"tag": "input", "type": "number", "class": "form-control", "label": "Integer Field 1", "id": "int_field_1", "name": "int_field_1", "required": "true", "placeholder": "Enter details"}, {"tag": "input", "type": "number", "class": "form-control", "label": "Integer Field 2", "id": "int_field_2", "name": "int_field_2", "required": "true", "placeholder": "Enter details"}, {"tag": "input", "type": "text", "class": "form-control", "label": "Float Field 1", "id": "float_field_1", "name": "float_field_1", "maxlength": "100", "required": "true", "placeholder": "Enter details here..."}, {"tag": "input", "type": "text", "class": "form-control", "label": "Float Field 2", "id": "float_field_2", "name": "float_field_2", "maxlength": "100", "required": "true", "placeholder": "Enter details here..."}, {"tag": "input", "type": "datetime-local", "class": "form-control", "label": "DateTime Field 1", "id": "datetime_field_1", "name": "datetime_field_1", "required": "true"}, {"tag": "input", "type": "datetime-local", "class": "form-control", "label": "Datetime Field 2", "id": "datetime_field_2", "name": "datetime_field_2", "required": "true"}, {"tag": "button", "type": "submit", "class": "btn btn-success", "label": "Submit", "id": "submit", "name": "submit"}], "HTML_table": {"headers": ["Google form link", "Text Field 1", "Text Field 2", "Integer Field 1", "Integer Field 2", "Float Field 1", "Float Field 2", "DateTime Field 1", "Datetime Field 2"], "values": [{"name": "form_link", "type": "text"}, {"name": "text_field_1", "type": "text"}, {"name": "text_field_2", "type": "text"}, {"name": "int_field_1", "type": "text"}, {"name": "int_field_2", "type": "text"}, {"name": "float_field_1", "type": "text"}, {"name": "float_field_2", "type": "text"}, {"name": "datetime_field_1", "type": "text"}, {"name": "datetime_field_2", "type": "text"}], "searchable_fields": ["form_link", "text_field_1", "text_field_2", "int_field_1", "int_field_2", "float_field_1", "float_field_2", "datetime_field_1", "datetime_field_2"]}, "Model_fields": {"tableName": "FormLinks", "tableFields": [{"type": "FileField", "name": "form_link", "isBlank": "True", "isNull": "True", "filePath": "FormLinks_attachment"}, {"type": "CharField", "name": "text_field_1", "isBlank": "True", "isNull": "True", "maxLength": "100"}, {"type": "CharField", "name": "text_field_2", "isBlank": "True", "isNull": "True", "maxLength": "100"}, {"type": "IntegerField", "name": "int_field_1", "isBlank": "True", "isNull": "True", "default": "0"}, {"type": "IntegerField", "name": "int_field_2", "isBlank": "True", "isNull": "True", "default": "0"}, {"type": "CharField", "name": "float_field_1", "isBlank": "True", "isNull": "True", "maxLength": "100"}, {"type": "CharField", "name": "float_field_2", "isBlank": "True", "isNull": "True", "maxLength": "100"}, {"type": "DateTimeField", "name": "datetime_field_1", "isBlank": "True", "isNull": "True"}, {"type": "DateTimeField", "name": "datetime_field_2", "isBlank": "True", "isNull": "True"}]}}